path,fingerprint,stage_keys,n_urls,coverage_pct,item_types,institutions,periods,example_url,example_paths
A_phase_stages,9105149e1127673dc5f29a5fd4aa4c3d,date|priority|text,6,1.3,"A, I",NR,"mid, old",/gegenstand/VII/I/305,"approvalstate, breadcrumbs, breadcrumbs[].title, breadcrumbs[].url, deleted, documents, documents[].documents, documents[].documents[].link"
A_phase_stages,6b85430f29b45a08baa97b0311632636,date|priority|text,3,0.6,"A-BR, III","BR, NR","mid, old",/gegenstand/BR/A-BR/9,"approvalstate, breadcrumbs, breadcrumbs[].title, breadcrumbs[].url, deleted, description, documents, documents[].documents"
A_phase_stages,4fe8816d9b2a2c3b65f9257036398ed4,date|priority|text,3,0.6,"I, III",NR,"mid, old",/gegenstand/XIII/III/83,"approvalstate, breadcrumbs, breadcrumbs[].title, breadcrumbs[].url, deleted, documents, documents[].documents, documents[].documents[].link"
A_phase_stages,9c8b33df336360a6353ea410607c2c26,date|priority|text,3,0.6,PET,NR,recent,/gegenstand/XXVII/PET/68,"approvals, approvals.filter, approvals.filter.data, approvals.filter.rendertype, approvals.new, approvalstate, breadcrumbs, breadcrumbs[].title"
A_phase_stages,b98f229ca9c4e82fec3338220f91b603,date|text,3,0.6,A-BR,BR,recent,/gegenstand/BR/A-BR/339,"approvalstate, breadcrumbs, breadcrumbs[].title, breadcrumbs[].url, correspondence, correspondence[].additional, correspondence[].date, correspondence[].title"
A_phase_stages,bdbba21b2a25cf109be64b41e7e604d8,date|text,2,0.4,A-BR,BR,old,/gegenstand/BR/A-BR/3,"approvalstate, breadcrumbs, breadcrumbs[].title, breadcrumbs[].url, deleted, description, documents, documents[].documents"
A_phase_stages,1315daaee06634ff8018065c9a2c9c2e,date|fsth|priority|text,2,0.4,III,NR,"mid, recent",/gegenstand/XXIII/III/127,"approvalstate, breadcrumbs, breadcrumbs[].title, breadcrumbs[].url, correspondence, correspondence[].additional, correspondence[].date, correspondence[].title"
A_phase_stages,5bfcac425bc0e8c8f64aa226749934b9,date|fsth|priority|text,2,0.4,"A-BR, US","BR, NR",mid,/gegenstand/BR/A-BR/182,"approvalstate, breadcrumbs, breadcrumbs[].title, breadcrumbs[].url, correspondence, correspondence[].additional, correspondence[].date, correspondence[].title"
A_phase_stages,9e6bbc6f3357820895ef3ea1383bf2dd,date|priority|text,2,0.4,A-BR,BR,mid,/gegenstand/BR/A-BR/89,"approvalstate, breadcrumbs, breadcrumbs[].title, breadcrumbs[].url, deleted, description, documents, documents[].documents"
A_phase_stages,6833491c4f9163f30acf1331c7940239,date|priority|text,2,0.4,"BAESM, III-BR","BR, NR","mid, recent",/gegenstand/BR/III-BR/583,"approvalstate, breadcrumbs, breadcrumbs[].title, breadcrumbs[].url, correspondence, correspondence[].additional, correspondence[].date, correspondence[].title"
A_phase_stages,c933e2a644744cccec0ef8e94c682884,date|fsth|priority|text,2,0.4,BI,NR,mid,/gegenstand/XXV/BI/38,"approvals, approvals.filter, approvals.filter.data, approvals.filter.rendertype, approvals.new, approvalstate, breadcrumbs, breadcrumbs[].title"
A_phase_stages,95eaa7c51fe7148db1049ffcafa7eca2,date|fsth|priority|text,2,0.4,PET,NR,mid,/gegenstand/XXIV/PET/150,"approvals, approvals.filter, approvals.filter.data, approvals.filter.rendertype, approvals.new, approvalstate, breadcrumbs, breadcrumbs[].title"
A_phase_stages,b1aba0bf3d26bbeb0022d1a09b7fead3,date|fsth|priority|text,2,0.4,IMM,NR,mid,/gegenstand/XX/IMM/12,"approvalstate, breadcrumbs, breadcrumbs[].title, breadcrumbs[].url, deleted, description, doktyp, einlangen"
A_phase_stages,ac16e4a96f66c78a0a8ec34b5b55a8b1,date|priority|text,2,0.4,PET-BR,BR,mid,/gegenstand/BR/PET-BR/15,"approvals, approvals.filter, approvals.filter.data, approvals.filter.rendertype, approvals.new, approvalstate, breadcrumbs, breadcrumbs[].title"
A_phase_stages,c3f880e09f42cfd320bcff6894a60f77,date|priority|text,2,0.4,BAESM,NR,mid,/gegenstand/XXIV/BAESM/14,"approvalstate, breadcrumbs, breadcrumbs[].title, breadcrumbs[].url, deleted, description, documents, documents[].documents"
A_phase_stages,4e9b05131f270e5d737e19d1c3eb1b77,date|priority|text,2,0.4,IMM,NR,recent,/gegenstand/XXVII/IMM/13,"approvalstate, breadcrumbs, breadcrumbs[].title, breadcrumbs[].url, deleted, description, doktyp, einlangen"
A_phase_stages,1b1833c67b310e420a6ab9d3a1f81418,date|priority|text,2,0.4,PET-BR,BR,recent,/gegenstand/BR/PET-BR/49,"approvals, approvals.filter, approvals.filter.data, approvals.filter.rendertype, approvals.new, approvalstate, breadcrumbs, breadcrumbs[].title"
A_phase_stages,9ed1af376228aa47b789623b671e406e,date|fsth|priority|text,1,0.2,III,NR,mid,/gegenstand/XXII/III/175,"approvalstate, breadcrumbs, breadcrumbs[].title, breadcrumbs[].url, deleted, description, documents, documents[].documents"
A_phase_stages,c211e3d557495b892d266af0f1d1188c,date|priority|text,1,0.2,A,NR,mid,/gegenstand/XXV/A/559,"approvalstate, breadcrumbs, breadcrumbs[].title, breadcrumbs[].url, correspondence, correspondence[].additional, correspondence[].date, correspondence[].title"
A_phase_stages,b37cbd66437f92b50175cac1f219b665,date|priority|text,1,0.2,III-BR,BR,mid,/gegenstand/BR/III-BR/460,"approvalstate, breadcrumbs, breadcrumbs[].title, breadcrumbs[].url, deleted, description, documents, documents[].documents"
A_phase_stages,35f24c92a7b13451d08e4b8b3a186a31,date|fsth|priority|text,1,0.2,III-BR,BR,mid,/gegenstand/BR/III-BR/244,"approvalstate, breadcrumbs, breadcrumbs[].title, breadcrumbs[].url, deleted, description, documents, documents[].documents"
A_phase_stages,f10fc52a75b79e2cd2365456f0994303,date|fsth|priority|text,1,0.2,BI,NR,mid,/gegenstand/XXV/BI/72,"approvals, approvals.filter, approvals.filter.data, approvals.filter.rendertype, approvals.new, approvalstate, breadcrumbs, breadcrumbs[].title"
A_phase_stages,9c8b33df336360a6353ea410607c2c26,date|fsth|priority|text,1,0.2,PET,NR,mid,/gegenstand/XXV/PET/2,"approvals, approvals.filter, approvals.filter.data, approvals.filter.rendertype, approvals.new, approvalstate, breadcrumbs, breadcrumbs[].title"
A_phase_stages,bc66c6dfef65c9b3d37d737b722d340f,date|priority|text,1,0.2,IMM,NR,mid,/gegenstand/XXIV/IMM/46,"approvalstate, breadcrumbs, breadcrumbs[].title, breadcrumbs[].url, deleted, description, doktyp, einlangen"
A_phase_stages,dd85c9e511d7343ac4fda10a5f32679a,date|fsth|priority|text,1,0.2,URH2,NR,mid,/gegenstand/XXV/URH2/1,"approvalstate, breadcrumbs, breadcrumbs[].title, breadcrumbs[].url, deleted, description, documents, documents[].documents"
A_phase_stages,03d2cfddd7d04bfbc5ad6c2549732b4c,date|fsth|priority|text,1,0.2,URH2,NR,mid,/gegenstand/XX/URH2/2,"approvalstate, breadcrumbs, breadcrumbs[].title, breadcrumbs[].url, deleted, description, documents, documents[].documents"
A_phase_stages,518becd598965d368e567f3bbf9b1665,date|fsth|priority|text,1,0.2,URH2,NR,mid,/gegenstand/XXI/URH2/1,"approvalstate, breadcrumbs, breadcrumbs[].title, breadcrumbs[].url, deleted, description, documents, documents[].documents"
A_phase_stages,baf846ac2ac82901c1eeedb8e80df4f9,date|fsth|priority|text,1,0.2,PET-BR,BR,mid,/gegenstand/BR/PET-BR/31,"approvals, approvals.filter, approvals.filter.data, approvals.filter.rendertype, approvals.new, approvalstate, breadcrumbs, breadcrumbs[].title"
A_phase_stages,9c76601a03706e56909b6b7b15a90a7f,date|priority|text,1,0.2,BAESM,NR,mid,/gegenstand/XXV/BAESM/58,"approvalstate, breadcrumbs, breadcrumbs[].title, breadcrumbs[].url, deleted, description, documents, documents[].documents"
A_phase_stages,c211e3d557495b892d266af0f1d1188c,date|fsth|priority|text,1,0.2,US,NR,mid,/gegenstand/XXV/US/3,"approvalstate, breadcrumbs, breadcrumbs[].title, breadcrumbs[].url, correspondence, correspondence[].additional, correspondence[].date, correspondence[].title"
A_phase_stages,be73f843535d082da7fe4539e52dc9bf,date|fsth|text,1,0.2,US,NR,mid,/gegenstand/XXV/US/1,"approvalstate, breadcrumbs, breadcrumbs[].title, breadcrumbs[].url, correspondence, correspondence[].additional, correspondence[].date, correspondence[].title"
A_phase_stages,8e241629dab9aa67caca132ca57d9d26,date|priority|text,1,0.2,V-BR,BR,mid,/gegenstand/BR/V-BR/1,"approvalstate, breadcrumbs, breadcrumbs[].title, breadcrumbs[].url, deleted, description, documents, documents[].documents"
A_phase_stages,3ee034e8ee08227e7519bf796556142a,date|fsth|priority|text,1,0.2,A,NR,recent,/gegenstand/XXVIII/A/561,"approvalstate, breadcrumbs, breadcrumbs[].title, breadcrumbs[].url, correspondence, correspondence[].additional, correspondence[].date, correspondence[].title"
A_phase_stages,3ad8ed3c1d4db769efe1f911da0f2228,date|priority|text,1,0.2,A,NR,recent,/gegenstand/XXVII/A/3801,"approvalstate, breadcrumbs, breadcrumbs[].title, breadcrumbs[].url, correspondence, correspondence[].additional, correspondence[].date, correspondence[].title"
A_phase_stages,8d3c9e303a3cc98bd2bfb68f1fca37ab,date|priority|text,1,0.2,A,NR,recent,/gegenstand/XXVI/A/56,"approvalstate, breadcrumbs, breadcrumbs[].title, breadcrumbs[].url, correspondence, correspondence[].additional, correspondence[].date, correspondence[].title"
A_phase_stages,69355e4dbf33282a34550b081262844a,date|priority|text,1,0.2,I,NR,recent,/gegenstand/XXVII/I/2595,"approvalstate, breadcrumbs, breadcrumbs[].title, breadcrumbs[].url, correspondence, correspondence[].additional, correspondence[].date, correspondence[].title"
A_phase_stages,a10acb5651c3369fce240bef13e2d36e,date|fsth|priority|text,1,0.2,III,NR,recent,/gegenstand/XXVII/III/1218,"approvalstate, breadcrumbs, breadcrumbs[].title, breadcrumbs[].url, correspondence, correspondence[].additional, correspondence[].date, correspondence[].title"
A_phase_stages,d4fc2bd17333618307141e8d5996cab3,date|priority|text,1,0.2,III,NR,recent,/gegenstand/XXVII/III/431,"approvalstate, breadcrumbs, breadcrumbs[].title, breadcrumbs[].url, correspondence, correspondence[].additional, correspondence[].date, correspondence[].title"
A_phase_stages,c933e2a644744cccec0ef8e94c682884,date|priority|text,1,0.2,BI,NR,recent,/gegenstand/XXVII/BI/38,"approvals, approvals.filter, approvals.filter.data, approvals.filter.rendertype, approvals.new, approvalstate, breadcrumbs, breadcrumbs[].title"
A_phase_stages,b05fc7adbb34f7e398ddff99d42ef51a,date|fsth|priority|text,1,0.2,BI,NR,recent,/gegenstand/XXVI/BI/34,"approvals, approvals.filter, approvals.filter.data, approvals.filter.rendertype, approvals.new, approvalstate, breadcrumbs, breadcrumbs[].title"
A_phase_stages,9e8faa4d53ea3ef9a1220a9019974a4b,date|priority|text,1,0.2,BI,NR,recent,/gegenstand/XXVIII/BI/23,"appformlink, approvals, approvals.filter, approvals.filter.data, approvals.filter.rendertype, approvals.new, approvals.personform, approvals.personform.data"
A_phase_stages,bc66c6dfef65c9b3d37d737b722d340f,date|fsth|priority|text,1,0.2,IMM,NR,recent,/gegenstand/XXVI/IMM/4,"approvalstate, breadcrumbs, breadcrumbs[].title, breadcrumbs[].url, deleted, description, doktyp, einlangen"
A_phase_stages,cd5354e3685cf7078b879be5612b6943,date|fsth|priority|text,1,0.2,US,NR,recent,/gegenstand/XXVII/US/7,"approvalstate, breadcrumbs, breadcrumbs[].title, breadcrumbs[].url, correspondence, correspondence[].additional, correspondence[].date, correspondence[].title"
A_phase_stages,ad578d8c13559501d99937c4982c27ad,date|fsth|text,1,0.2,US,NR,recent,/gegenstand/XXVII/US/4,"approvalstate, breadcrumbs, breadcrumbs[].title, breadcrumbs[].url, correspondence, correspondence[].additional, correspondence[].date, correspondence[].title"
A_phase_stages,644720cca3a3ff7bf287d32753818b38,date|fsth|priority|text,1,0.2,US,NR,recent,/gegenstand/XXVII/US/5,"approvalstate, breadcrumbs, breadcrumbs[].title, breadcrumbs[].url, correspondence, correspondence[].additional, correspondence[].date, correspondence[].title"
A_phase_stages,fec31b4633af4fe0a4fcb5e883263ea0,date|priority|text,1,0.2,PET-BR,BR,recent,/gegenstand/BR/PET-BR/46,"approvals, approvals.filter, approvals.filter.data, approvals.filter.rendertype, approvals.new, approvalstate, breadcrumbs, breadcrumbs[].title"
A_phase_stages,34bbc276d14ab437607e9cb5b82eca10,date|fsth|priority|text,1,0.2,III-BR,BR,recent,/gegenstand/BR/III-BR/811,"approvalstate, breadcrumbs, breadcrumbs[].title, breadcrumbs[].url, correspondence, correspondence[].additional, correspondence[].date, correspondence[].title"
A_phase_stages,e936a68d0b5571a9755ccab9c7a3c336,date|fsth|priority|text,1,0.2,III-BR,BR,recent,/gegenstand/BR/III-BR/849,"approvalstate, breadcrumbs, breadcrumbs[].title, breadcrumbs[].url, correspondence, correspondence[].additional, correspondence[].date, correspondence[].title"
A_phase_stages,c26b40ced4f46655acadfd398bd4e9cb,date|fsth|priority|text,1,0.2,III-BR,BR,recent,/gegenstand/BR/III-BR/899,"approvalstate, breadcrumbs, breadcrumbs[].title, breadcrumbs[].url, deleted, description, documents, documents[].documents"
A_phase_stages,96686d14722bc1b25688c590b7317b03,date|fsth|priority|text,1,0.2,URH2,NR,recent,/gegenstand/XXVII/URH2/1,"approvalstate, breadcrumbs, breadcrumbs[].title, breadcrumbs[].url, correspondence, correspondence[].additional, correspondence[].date, correspondence[].title"
A_phase_stages,7e7ff571824201786f7a87c30e9fc995,date|fsth|priority|text,1,0.2,URH2,NR,recent,/gegenstand/XXVIII/URH2/1,"approvalstate, breadcrumbs, breadcrumbs[].title, breadcrumbs[].url, correspondence, correspondence[].additional, correspondence[].date, correspondence[].title"
B_flat_stages,19951fe63af7aede5514a52074e662bc,date|text,41,8.6,"AFEU-BR, BUV-BR, MT, MT-BR, MTEU, MTPL-BR, S, S-BR, SB-BR, SBEU, SEU, SPL-BR","BR, NR","mid, recent",/gegenstand/BR/S-BR/4,"approvalstate, breadcrumbs, breadcrumbs[].title, breadcrumbs[].url, deleted, description, documents, documents[].documents"
B_flat_stages,ceae3212e6164241090f1c3ea80a2d05,date|priority|text,25,5.2,"BSESM, BUV, EUD, EUD-BR, FVUS, IV-BR, SONS","BR, NR","mid, recent",/gegenstand/BR/IV-BR/45,"approvalstate, breadcrumbs, breadcrumbs[].title, breadcrumbs[].url, deleted, description, documents, documents[].documents"
B_flat_stages,aaf693cb4175786168ef329d0124e3b1,date|priority|text,21,4.4,"BNR, BSE, I-BR, KOMM","BR, NR","mid, recent",/gegenstand/BR/I-BR/5853,"approvalstate, breadcrumbs, breadcrumbs[].title, breadcrumbs[].url, deleted, description, documents, documents[].documents"
B_flat_stages,a867cda4cde3d4321f9f782cacd7b14b,date|priority|text,15,3.1,"AB, I, J, SLT-BR","BR, NR","mid, old, recent",/gegenstand/XV/I/830,"approvalstate, breadcrumbs, breadcrumbs[].title, breadcrumbs[].url, deleted, documents, documents[].documents, documents[].documents[].link"
B_flat_stages,ce96c54823282b274bf9095f5f468fab,date|fsth|priority|text,11,2.3,"AB, AB-BR, ABM, ABM-BR, ABPR","BR, NR","mid, recent",/gegenstand/XXIV/ABPR/19,"approvalstate, breadcrumbs, breadcrumbs[].title, breadcrumbs[].url, deleted, description, documents, documents[].documents"
B_flat_stages,8615daa86f38bf4384cfcd95a824035d,date|fsth|priority|text,11,2.3,"AA, GO, UEA, UEA-BR, VER, VER-BR","BR, NR","mid, recent",/gegenstand/XXII/VER/9,"approvalstate, breadcrumbs, breadcrumbs[].title, breadcrumbs[].url, deleted, description, doktyp, einlangen"
B_flat_stages,a846f9d5fb78c320b6183b8b170ae453,date|priority|text,11,2.3,"SINF, SINF-BR","BR, NR","mid, recent",/gegenstand/XXIV/SINF/28,"approvalstate, breadcrumbs, breadcrumbs[].title, breadcrumbs[].url, deleted, description, documents, documents[].documents"
B_flat_stages,ce96c54823282b274bf9095f5f468fab,date|priority|text,9,1.9,"AB, AB-BR, ABEU, ABM-BR, ABPR","BR, NR","mid, recent",/gegenstand/XXIV/ABPR/99,"approvalstate, breadcrumbs, breadcrumbs[].title, breadcrumbs[].url, deleted, description, documents, documents[].documents"
B_flat_stages,cac09fed20dd739ac88ed90a13c8f8c2,date|fsth|priority|text,9,1.9,"AA, AA-BR, UEA, UEA-BR","BR, NR","mid, recent",/gegenstand/BR/AA-BR/3,"approvalstate, breadcrumbs, breadcrumbs[].title, breadcrumbs[].url, deleted, description, documents, documents[].documents"
B_flat_stages,b006733e83bd5f94991be1193ce8870c,date|fsth|priority|text,8,1.7,"ABPR, J, J-BR, JPR","BR, NR","mid, recent",/gegenstand/XXV/JPR/12,"approvalstate, breadcrumbs, breadcrumbs[].title, breadcrumbs[].url, deleted, description, documents, documents[].documents"
B_flat_stages,b3e293bdd9ddeef750913a9c64f5c6da,date|fsth|priority|text,8,1.7,"E, E-BR","BR, NR","mid, recent",/gegenstand/XXII/E/82,"approvalstate, breadcrumbs, breadcrumbs[].title, breadcrumbs[].url, deleted, description, documents, documents[].documents"
B_flat_stages,5c85b0322bbbd8de1e8aec5e402d4f36,date|fsth|priority|text,8,1.7,"M-BR, RGER, RGER-BR","BR, NR","mid, recent",/gegenstand/XXV/RGER/27,"approvalstate, breadcrumbs, breadcrumbs[].title, breadcrumbs[].url, deleted, description, doktyp, einlangen"
B_flat_stages,ddaed47d57007b93cb1abd4f507821df,date|fsth|names|priority|text,8,1.7,"W, W-BR","BR, NR","mid, recent",/gegenstand/XXIII/W/6,"approvalstate, breadcrumbs, breadcrumbs[].title, breadcrumbs[].url, deleted, description, doktyp, einlangen"
B_flat_stages,37c0a7aa281d8eda819e0b59d5ceee20,date|priority|text,8,1.7,"FS, FS-BR","BR, NR","mid, recent",/gegenstand/XXIII/FS/10,"agenda, agenda[].documents, agenda[].documents[].link, agenda[].documents[].type, agenda[].title, approvalstate, breadcrumbs, breadcrumbs[].title"
B_flat_stages,7957727496844bab5d53a3821320f88f,date|fsth|priority|text,8,1.7,"LHER-BR, M, M-BR, RGER-BR","BR, NR","mid, recent",/gegenstand/XXV/M/276,"approvalstate, breadcrumbs, breadcrumbs[].title, breadcrumbs[].url, deleted, description, doktyp, einlangen"
B_flat_stages,94e27fd17fb79de2ee2e7982e7e81c96,date|priority|text,7,1.5,"E, E-BR","BR, NR","mid, old",/gegenstand/XV/E/75,"approvalstate, breadcrumbs, breadcrumbs[].title, breadcrumbs[].url, deleted, documents, documents[].documents, documents[].documents[].link"
B_flat_stages,b006733e83bd5f94991be1193ce8870c,date|priority|text,7,1.5,"ABPR, I-BR, J-BR, JEU, JPR","BR, NR","mid, recent",/gegenstand/XX/JPR/50,"approvalstate, breadcrumbs, breadcrumbs[].title, breadcrumbs[].url, deleted, description, documents, documents[].documents"
B_flat_stages,153d8aaa60a4cbfc5036f0476d696396,date|priority|text,7,1.5,"AB, AB-BR, ABEU, ABPR","BR, NR","mid, recent",/gegenstand/XXV/ABPR/23,"approvalstate, breadcrumbs, breadcrumbs[].title, breadcrumbs[].url, deleted, description, documents, documents[].documents"
B_flat_stages,13a7ad2381c379259e45ad99d8966221,date|fsth|priority|text,7,1.5,"J, J-BR, JPR","BR, NR",recent,/gegenstand/XXVI/JPR/10,"approvalstate, breadcrumbs, breadcrumbs[].title, breadcrumbs[].url, deleted, description, documents, documents[].documents"
B_flat_stages,19857feb116b7b2f877d9d6e7245f11e,date|priority|text,6,1.3,"ABPR, JPR",NR,old,/gegenstand/X/JPR/2,"approvalstate, breadcrumbs, breadcrumbs[].title, breadcrumbs[].url, deleted, documents, documents[].documents, documents[].documents[].link"
B_flat_stages,14897dca9351302e7d33d93696ce7c57,date|fsth|priority|text,6,1.3,"AA, AA-BR, UEA","BR, NR","mid, recent",/gegenstand/XXV/UEA/221,"approvalstate, breadcrumbs, breadcrumbs[].title, breadcrumbs[].url, deleted, description, documents, documents[].documents"
B_flat_stages,3c2882f1800a9a6c71214009a8334f8f,date|fsth|priority|text,6,1.3,"AS, M",NR,"mid, recent",/gegenstand/XXII/M/94,"approvalstate, breadcrumbs, breadcrumbs[].title, breadcrumbs[].url, deleted, description, doktyp, einlangen"
B_flat_stages,93466b6fe439cc0bfbf0ee1833cf2791,date|priority|text,6,1.3,"MEU, MEU-BR","BR, NR",mid,/gegenstand/XXIV/MEU/73,"approvalstate, breadcrumbs, breadcrumbs[].title, breadcrumbs[].url, deleted, description, doktyp, einlangen"
B_flat_stages,24b3f1d8c9612c446711628d91e3bc65,date|priority|text,6,1.3,BS,NR,"mid, recent",/gegenstand/XXV/BS/144,"approvalstate, breadcrumbs, breadcrumbs[].title, breadcrumbs[].url, deleted, doktyp, einlangen, eurovoc"
B_flat_stages,ae99be4e05fb44628a01cfc6cfd899d9,date|priority|text,6,1.3,EUBTG,NR,"mid, recent",/gegenstand/XXV/EUBTG/2029,"approvalstate, breadcrumbs, breadcrumbs[].title, breadcrumbs[].url, deleted, description, documents, documents[].documents"
B_flat_stages,1e413a6811ebe1028ef4086d341c51c0,date|text,6,1.3,AUA,NR,"mid, recent",/gegenstand/XXV/AUA/187,"approvalstate, breadcrumbs, breadcrumbs[].title, breadcrumbs[].url, deleted, description, doktyp, einlangen"
B_flat_stages,22178ae05185a914846bd3daa93e81ce,date|text,6,1.3,"AAA, EAA",NR,recent,/gegenstand/XXVIII/AAA/15,"approvalstate, breadcrumbs, breadcrumbs[].title, breadcrumbs[].url, deleted, description, documents, documents[].documents"
B_flat_stages,1325a43b7e2899f122dd77812fb8bc47,date|fsth|priority|reden|text,5,1,AS-BR,BR,"mid, recent",/gegenstand/BR/AS-BR/9,"approvalstate, breadcrumbs, breadcrumbs[].title, breadcrumbs[].url, deleted, description, doktyp, einlangen"
B_flat_stages,f0a6b83e2f7269bb47214a804b9233b9,date|priority|text,5,1,BS-BR,BR,"mid, recent",/gegenstand/BR/BS-BR/2,"approvalstate, breadcrumbs, breadcrumbs[].title, breadcrumbs[].url, deleted, description, doktyp, einlangen"
B_flat_stages,13a7ad2381c379259e45ad99d8966221,date|priority|text,5,1,"I-BR, J-BR, JEU","BR, NR",recent,/gegenstand/XXVI/JEU/2,"approvalstate, breadcrumbs, breadcrumbs[].title, breadcrumbs[].url, deleted, description, documents, documents[].documents"
B_flat_stages,8527fa0c5f515614579ac9296ce5cfdb,date|text,4,0.8,"I-BR, S","BR, NR","mid, old",/gegenstand/BR/I-BR/1417,"approvalstate, breadcrumbs, breadcrumbs[].title, breadcrumbs[].url, deleted, documents, documents[].documents, documents[].documents[].link"
B_flat_stages,ddaed47d57007b93cb1abd4f507821df,date|fsth|priority|text,4,0.8,W,NR,"mid, recent",/gegenstand/XXIII/W/4,"approvalstate, breadcrumbs, breadcrumbs[].title, breadcrumbs[].url, deleted, description, doktyp, einlangen"
B_flat_stages,e8c4dc5a1b196e28906d6e047b0c9a1f,date|fsth|text,4,0.8,GO-BR,BR,"mid, recent",/gegenstand/BR/GO-BR/451,"approvalstate, breadcrumbs, breadcrumbs[].title, breadcrumbs[].url, deleted, description, doktyp, einlangen"
B_flat_stages,ddaed47d57007b93cb1abd4f507821df,date|fsth|priority|reden|text,4,0.8,GAST,NR,"mid, recent",/gegenstand/XXV/GAST/1,"approvalstate, breadcrumbs, breadcrumbs[].title, breadcrumbs[].url, deleted, description, doktyp, einlangen"
B_flat_stages,e2fe30c4d07683932e26174ee9f2ac45,date|priority|text,4,0.8,"IV-BR, SONS","BR, NR",recent,/gegenstand/BR/IV-BR/175,"approvalstate, breadcrumbs, breadcrumbs[].title, breadcrumbs[].url, deleted, description, documents, documents[].documents"
B_flat_stages,07a34baf8c166c9530e1c372ecb2049d,date|priority|text,3,0.6,VER,NR,old,/gegenstand/VIII/VER/3,"approvalstate, breadcrumbs, breadcrumbs[].title, breadcrumbs[].url, deleted, description, documents, documents[].documents"
B_flat_stages,9ebc7ec56f8b923831fc29cbd5bfc2e5,date|priority|text,3,0.6,"I, I-BR","BR, NR","mid, recent",/gegenstand/XXIV/I/1041,"approvalstate, breadcrumbs, breadcrumbs[].title, breadcrumbs[].url, deleted, description, documents, documents[].documents"
B_flat_stages,e9e15a738443c7171f010aa1b9919ca2,date|fsth|priority|reden|text,3,0.6,AEA,NR,"mid, recent",/gegenstand/XXV/AEA/50,"approvalstate, breadcrumbs, breadcrumbs[].title, breadcrumbs[].url, deleted, description, doktyp, einlangen"
B_flat_stages,98c63d560447877962cdda64cd6fd610,date|priority|text,3,0.6,"KOMM, VER-BR","BR, NR","mid, recent",/gegenstand/XXV/KOMM/157,"approvalstate, breadcrumbs, breadcrumbs[].title, breadcrumbs[].url, deleted, description, documents, documents[].documents"
B_flat_stages,f0a6b83e2f7269bb47214a804b9233b9,date|fsth|priority|text,3,0.6,"AEA-BR, GAST-BR",BR,mid,/gegenstand/BR/AEA-BR/2,"approvalstate, breadcrumbs, breadcrumbs[].title, breadcrumbs[].url, deleted, description, doktyp, einlangen"
B_flat_stages,46c534a1fca30ffa480c01143bb094ca,date|priority|text,3,0.6,"VER, VER-BR","BR, NR","mid, recent",/gegenstand/BR/VER-BR/42,"agenda, agenda[].documents, agenda[].documents[].link, agenda[].documents[].type, agenda[].title, approvalstate, breadcrumbs, breadcrumbs[].title"
B_flat_stages,cea127a8be39a7a2cc6e01d45119532d,date|priority|text,3,0.6,EUPLB,NR,mid,/gegenstand/XXII/EUPLB/5,"approvalstate, breadcrumbs, breadcrumbs[].title, breadcrumbs[].url, deleted, description, doktyp, einlangen"
B_flat_stages,b7f419bda0bea2c2696c5d438e460455,date|priority|text,2,0.4,ME,NR,mid,/gegenstand/XXV/ME/92,"approvalstate, breadcrumbs, breadcrumbs[].title, breadcrumbs[].url, deleted, description, documents, documents[].documents"
B_flat_stages,471a9be67c7b675b5513f1c6c26c6951,date|text,2,0.4,S,NR,mid,/gegenstand/XIX/S/12,"approvalstate, breadcrumbs, breadcrumbs[].title, breadcrumbs[].url, deleted, documents, documents[].documents, documents[].documents[].link"
B_flat_stages,7957727496844bab5d53a3821320f88f,date|fsth|priority|reden|text,2,0.4,AS,NR,mid,/gegenstand/XXII/AS/21,"approvalstate, breadcrumbs, breadcrumbs[].title, breadcrumbs[].url, deleted, description, doktyp, einlangen"
B_flat_stages,c5a62048de821aa01f79aa4456d5fa7f,date|fsth|priority|text,2,0.4,"LHER-BR, ZA","BR, NR","mid, recent",/gegenstand/XX/ZA/22,"approvalstate, breadcrumbs, breadcrumbs[].title, breadcrumbs[].url, deleted, description, doktyp, einlangen"
B_flat_stages,8615daa86f38bf4384cfcd95a824035d,date|fsth|priority|reden|text,2,0.4,"UEA-BR, ZA","BR, NR",mid,/gegenstand/XXI/ZA/5,"approvalstate, breadcrumbs, breadcrumbs[].title, breadcrumbs[].url, deleted, description, doktyp, einlangen"
B_flat_stages,d43530544868a8548504d78bf6f60e16,date|fsth|text,2,0.4,"GO, GO-BR","BR, NR","mid, recent",/gegenstand/XXIV/GO/820,"approvalstate, breadcrumbs, breadcrumbs[].title, breadcrumbs[].url, deleted, description, doktyp, einlangen"
B_flat_stages,4363ac579992c9041b474edf8e7c057f,date|fsth|priority|reden|text,2,0.4,LHER-BR,BR,mid,/gegenstand/BR/LHER-BR/17,"approvalstate, breadcrumbs, breadcrumbs[].title, breadcrumbs[].url, deleted, description, doktyp, einlangen"
B_flat_stages,ce0c72858933a3e460fb787f8b25706d,date|text,2,0.4,"MT-BR, MTEU","BR, NR",mid,/gegenstand/XXV/MTEU/2,"approvalstate, breadcrumbs, breadcrumbs[].title, breadcrumbs[].url, deleted, description, doktyp, einlangen"
B_flat_stages,9097796fcee493b42e75a2c89658ed72,date|priority|text,2,0.4,SNME,NR,mid,/gegenstand/XXIV/SNME/4605,"approvals, approvals.filter, approvals.filter.data, approvals.filter.rendertype, approvals.new, approvals.reportform, approvals.reportform.data, approvals.reportform.rendertype"
B_flat_stages,42e07a2fd5b9da4b200099c8d6b54608,date|fsth|priority|text,2,0.4,AEA,NR,recent,/gegenstand/XXVII/AEA/7,"approvalstate, breadcrumbs, breadcrumbs[].title, breadcrumbs[].url, deleted, description, doktyp, einlangen"
B_flat_stages,5c85b0322bbbd8de1e8aec5e402d4f36,date|fsth|priority|reden|text,2,0.4,RGER,NR,recent,/gegenstand/XXVII/RGER/25,"approvalstate, breadcrumbs, breadcrumbs[].title, breadcrumbs[].url, deleted, description, doktyp, einlangen"
B_flat_stages,738def78c983c70f571c40459702376c,date|fsth|priority|text,2,0.4,VER-BR,BR,recent,/gegenstand/BR/VER-BR/54,"approvalstate, breadcrumbs, breadcrumbs[].title, breadcrumbs[].url, deleted, description, doktyp, einlangen"
B_flat_stages,c0a76638e861c1fc306400a22970ee56,date|fsth|priority|text,2,0.4,M-BR,BR,recent,/gegenstand/BR/M-BR/1940,"approvalstate, breadcrumbs, breadcrumbs[].title, breadcrumbs[].url, deleted, description, documents, documents[].documents"
B_flat_stages,d9f2442db4d4ccb521bdaf91015d4f9e,date|priority|text,2,0.4,SN,NR,recent,/gegenstand/XXVIII/SN/678,"approvals, approvals.filter, approvals.filter.data, approvals.filter.rendertype, approvals.new, approvals.reportform, approvals.reportform.data, approvals.reportform.rendertype"
B_flat_stages,36a50a9e859ca50ea8c15248916da20e,date|text,2,0.4,SNME,NR,recent,/gegenstand/XXVIII/SNME/1889,"approvals, approvals.filter, approvals.filter.data, approvals.filter.rendertype, approvals.new, approvals.reportform, approvals.reportform.data, approvals.reportform.rendertype"
B_flat_stages,8201ff1901532d40c7139937bb7e7bc8,date|priority|text,1,0.2,ME,NR,mid,/gegenstand/XVI/ME/240,"approvalstate, breadcrumbs, breadcrumbs[].title, breadcrumbs[].url, deleted, description, documents, documents[].documents"
B_flat_stages,b3e293bdd9ddeef750913a9c64f5c6da,date|fsth|priority|reden|text,1,0.2,E,NR,mid,/gegenstand/XXI/E/23,"approvalstate, breadcrumbs, breadcrumbs[].title, breadcrumbs[].url, deleted, description, documents, documents[].documents"
B_flat_stages,153d8aaa60a4cbfc5036f0476d696396,date|fsth|priority|text,1,0.2,AB,NR,mid,/gegenstand/XXIV/AB/2935,"approvalstate, breadcrumbs, breadcrumbs[].title, breadcrumbs[].url, deleted, description, documents, documents[].documents"
B_flat_stages,f5c02ee6ec15505f4a96ccef56969928,date|priority|text,1,0.2,I-BR,BR,mid,/gegenstand/BR/I-BR/5011,"approvalstate, breadcrumbs, breadcrumbs[].title, breadcrumbs[].url, deleted, description, documents, documents[].documents"
B_flat_stages,6efb09aaf2ce01741cca014f017778b3,date|priority|text,1,0.2,VER,NR,mid,/gegenstand/XXV/VER/4,"agenda, agenda[].documents, agenda[].documents[].link, agenda[].documents[].type, agenda[].title, approvalstate, breadcrumbs, breadcrumbs[].title"
B_flat_stages,42e07a2fd5b9da4b200099c8d6b54608,date|fsth|priority|reden|text,1,0.2,AEA,NR,mid,/gegenstand/XXIV/AEA/93,"approvalstate, breadcrumbs, breadcrumbs[].title, breadcrumbs[].url, deleted, description, doktyp, einlangen"
B_flat_stages,b1d2345bfea371c9459e224a85b06847,date|priority|text,1,0.2,FS,NR,mid,/gegenstand/XX/FS/38,"approvalstate, breadcrumbs, breadcrumbs[].title, breadcrumbs[].url, deleted, doktyp, einlangen, eurovoc"
B_flat_stages,b6df21cd8870c7ad8e12d3c62a45622a,date|fsth|priority|reden|text,1,0.2,AS,NR,mid,/gegenstand/XX/AS/40,"approvalstate, breadcrumbs, breadcrumbs[].title, breadcrumbs[].url, deleted, description, doktyp, einlangen"
B_flat_stages,c5a62048de821aa01f79aa4456d5fa7f,date|priority|text,1,0.2,ZA,NR,mid,/gegenstand/XX/ZA/6,"approvalstate, breadcrumbs, breadcrumbs[].title, breadcrumbs[].url, deleted, description, doktyp, einlangen"
B_flat_stages,e9e15a738443c7171f010aa1b9919ca2,date|fsth|priority|text,1,0.2,AEA-BR,BR,mid,/gegenstand/BR/AEA-BR/3,"approvalstate, breadcrumbs, breadcrumbs[].title, breadcrumbs[].url, deleted, description, doktyp, einlangen"
B_flat_stages,3cf794928218144a9978adbe2dfe6192,date|fsth|priority|text,1,0.2,UEA-BR,BR,mid,/gegenstand/BR/UEA-BR/27,"approvalstate, breadcrumbs, breadcrumbs[].title, breadcrumbs[].url, deleted, description, doktyp, einlangen"
B_flat_stages,bcd546407043f8d6dc34899a6b42b7e6,date|priority|text,1,0.2,IV-BR,BR,mid,/gegenstand/BR/IV-BR/73,"approvalstate, breadcrumbs, breadcrumbs[].title, breadcrumbs[].url, deleted, description, documents, documents[].documents"
B_flat_stages,16752aba72e68f5e49dfe12dd06d2023,date|priority|text,1,0.2,FS-BR,BR,mid,/gegenstand/BR/FS-BR/168,"agenda, agenda[].documents, agenda[].documents[].link, agenda[].documents[].type, agenda[].title, approvalstate, breadcrumbs, breadcrumbs[].title"
B_flat_stages,9b9a7cf896ae6da988f2312fa350c0a0,date|priority|text,1,0.2,FS-BR,BR,mid,/gegenstand/BR/FS-BR/163,"agenda, agenda[].documents, agenda[].documents[].link, agenda[].documents[].type, agenda[].title, approvalstate, breadcrumbs, breadcrumbs[].title"
B_flat_stages,932897f3783b78049c7ce0e6bc204c70,date|text,1,0.2,S-BR,BR,mid,/gegenstand/BR/S-BR/1,"approvalstate, breadcrumbs, breadcrumbs[].title, breadcrumbs[].url, deleted, doktyp, einlangen, gp_code"
B_flat_stages,eb6f9866205db00ec931a2e274340bcd,date|text,1,0.2,S-BR,BR,mid,/gegenstand/BR/S-BR/5,"approvalstate, breadcrumbs, breadcrumbs[].title, breadcrumbs[].url, deleted, description, documents, documents[].documents"
B_flat_stages,788160c1c8bfbdcbf347c65c91f36937,date|fsth|priority|reden|text,1,0.2,AS-BR,BR,mid,/gegenstand/BR/AS-BR/30,"approvalstate, breadcrumbs, breadcrumbs[].title, breadcrumbs[].url, deleted, description, doktyp, einlangen"
B_flat_stages,2ea4b40d08ad438faa1def891482f794,date|text,1,0.2,SBPL-BR,BR,mid,/gegenstand/BR/SBPL-BR/1,"approvalstate, breadcrumbs, breadcrumbs[].title, breadcrumbs[].url, deleted, documents, documents[].documents, documents[].documents[].link"
B_flat_stages,ad059d9dccf269ce6cc444addb47a633,date|fsth|priority|text,1,0.2,GAST-BR,BR,mid,/gegenstand/BR/GAST-BR/1,"approvalstate, breadcrumbs, breadcrumbs[].title, breadcrumbs[].url, deleted, description, doktyp, einlangen"
B_flat_stages,cea127a8be39a7a2cc6e01d45119532d,date|fsth|priority|text,1,0.2,GAST-BR,BR,mid,/gegenstand/BR/GAST-BR/2,"approvalstate, breadcrumbs, breadcrumbs[].title, breadcrumbs[].url, deleted, description, doktyp, einlangen"
B_flat_stages,7ce88e0e0073fd7473d8a0b88b6a514a,date|priority|text,1,0.2,JEU,NR,mid,/gegenstand/XXV/JEU/2,"approvalstate, breadcrumbs, breadcrumbs[].title, breadcrumbs[].url, deleted, description, documents, documents[].documents"
B_flat_stages,760ace88476c6db44bc10ae5f96b8c4c,date|priority|text,1,0.2,VER,NR,recent,/gegenstand/XXVII/VER/262,"approvalstate, breadcrumbs, breadcrumbs[].title, breadcrumbs[].url, deleted, documents, documents[].documents, documents[].documents[].link"
B_flat_stages,97d1c8a1f287421e147fd15cd1b135c1,date|fsth|priority|text,1,0.2,GO,NR,recent,/gegenstand/XXVII/GO/1465,"approvalstate, breadcrumbs, breadcrumbs[].title, breadcrumbs[].url, deleted, doktyp, einlangen, eurovoc"
B_flat_stages,92a04aa05f536331984f7793a400d01a,date|fsth|text,1,0.2,GO,NR,recent,/gegenstand/XXVIII/GO/543,"approvalstate, breadcrumbs, breadcrumbs[].title, breadcrumbs[].url, deleted, description, doktyp, einlangen"
B_flat_stages,2e124bb2d77b841a987abf0d23444c7c,date|priority|text,1,0.2,I,NR,recent,/gegenstand/XXVII/I/1988,"approvalstate, breadcrumbs, breadcrumbs[].title, breadcrumbs[].url, correspondence, correspondence[].additional, correspondence[].date, correspondence[].title"
B_flat_stages,d46a6a3ce63bb6135ab68b5d2fddf18d,date|priority|text,1,0.2,FS,NR,recent,/gegenstand/XXVII/FS/14,"agenda, agenda[].documents, agenda[].documents[].link, agenda[].documents[].type, agenda[].title, approvalstate, breadcrumbs, breadcrumbs[].title"
B_flat_stages,8c1586bcdac74ee0e90de4c366dec844,date|fsth|priority|reden|text,1,0.2,E,NR,recent,/gegenstand/XXVIII/E/53,"approvalstate, breadcrumbs, breadcrumbs[].title, breadcrumbs[].url, deleted, description, documents, documents[].documents"
B_flat_stages,8c1586bcdac74ee0e90de4c366dec844,date|fsth|priority|text,1,0.2,E,NR,recent,/gegenstand/XXVIII/E/8,"approvalstate, breadcrumbs, breadcrumbs[].title, breadcrumbs[].url, deleted, description, documents, documents[].documents"
B_flat_stages,78c73032ac99409f1fdb38eca3bccbe7,date|priority|text,1,0.2,SINF,NR,recent,/gegenstand/XXVII/SINF/53,"approvalstate, breadcrumbs, breadcrumbs[].title, breadcrumbs[].url, deleted, description, documents, documents[].documents"
B_flat_stages,d3b1c9a182260dc24f9cf43fcaedcb7f,date|fsth|text,1,0.2,GO-BR,BR,recent,/gegenstand/BR/GO-BR/2383,"approvalstate, breadcrumbs, breadcrumbs[].title, breadcrumbs[].url, deleted, description, doktyp, einlangen"
B_flat_stages,476212fb643c49dfed121f25b9fae96e,date|fsth|priority|text,1,0.2,LHER-BR,BR,recent,/gegenstand/BR/LHER-BR/47,"approvalstate, breadcrumbs, breadcrumbs[].title, breadcrumbs[].url, deleted, description, doktyp, einlangen"
B_flat_stages,3c37caaf67debc0ad1d4ddb47c1eb196,date|fsth|priority|text,1,0.2,RGER-BR,BR,recent,/gegenstand/BR/RGER-BR/43,"approvalstate, breadcrumbs, breadcrumbs[].title, breadcrumbs[].url, deleted, description, doktyp, einlangen"
B_flat_stages,5336f4ad731945d4a6bf3f4abb660829,date|fsth|priority|text,1,0.2,AEA-BR,BR,recent,/gegenstand/BR/AEA-BR/6,"approvalstate, breadcrumbs, breadcrumbs[].title, breadcrumbs[].url, deleted, description, doktyp, einlangen"
B_flat_stages,7ce88e0e0073fd7473d8a0b88b6a514a,date|fsth|priority|text,1,0.2,M-BR,BR,recent,/gegenstand/BR/M-BR/1950,"approvalstate, breadcrumbs, breadcrumbs[].title, breadcrumbs[].url, deleted, description, documents, documents[].documents"
B_flat_stages,5336f4ad731945d4a6bf3f4abb660829,date|priority|text,1,0.2,BS-BR,BR,recent,/gegenstand/BR/BS-BR/7,"approvalstate, breadcrumbs, breadcrumbs[].title, breadcrumbs[].url, deleted, description, doktyp, einlangen"
B_flat_stages,7f1e3d8d685efc5a567b7a6d5c2d8850,date|priority|text,1,0.2,SN,NR,recent,/gegenstand/XXVIII/SN/688,"appformlink, approvals, approvals.filter, approvals.filter.data, approvals.filter.rendertype, approvals.new, approvals.personform, approvals.personform.data"
B_flat_stages,9097796fcee493b42e75a2c89658ed72,date|text,1,0.2,SNME,NR,recent,/gegenstand/XXVIII/SNME/2406,"approvals, approvals.filter, approvals.filter.data, approvals.filter.rendertype, approvals.new, approvals.reportform, approvals.reportform.data, approvals.reportform.rendertype"
B_flat_stages,ceae3212e6164241090f1c3ea80a2d05,date|fsth|priority|text,1,0.2,BUV,NR,recent,/gegenstand/XXVIII/BUV/5,"approvalstate, breadcrumbs, breadcrumbs[].title, breadcrumbs[].url, deleted, description, documents, documents[].documents"
C_no_stages,d53816f8bbb537ddcbf29421266e7f7a,NA,1,0.2,A,NR,mid,/gegenstand/XVIII/A/338,"approvalstate, breadcrumbs, breadcrumbs[].title, breadcrumbs[].url, deleted, documents, documents[].documents, documents[].documents[].link"
C_no_stages,ca9d3077c1f2908115ee3a273f0b49b9,NA,1,0.2,RGER,NR,mid,/gegenstand/XIX/RGER/11,"approvalstate, breadcrumbs, breadcrumbs[].title, breadcrumbs[].url, deleted, doktyp, einlangen, gp_code"
